{"cameraMode":{"drawMode":0,"name":"Shaded","section":"Shading Mode"},"sceneLighting":true,"audioPlay":false,"sceneViewState":{"m_AlwaysRefresh":false,"showFog":true,"showSkybox":true,"showFlares":true,"showImageEffects":true,"showParticleSystems":true,"showVisualEffectGraphs":true,"m_FxEnabled":false},"in2DMode":false,"pivot":{"x":-7.807137966156006,"y":-26.663856506347658,"z":34.76802444458008},"rotation":{"x":0.36097800731658938,"y":-0.000004948549758410081,"z":0.000003847971129289363,"w":0.9325942993164063},"size":48.16228103637695,"orthographic":false}