{"cameraMode":{"drawMode":0,"name":"Shaded","section":"Shading Mode"},"sceneLighting":false,"audioPlay":false,"sceneViewState":{"m_AlwaysRefresh":false,"showFog":true,"showSkybox":false,"showFlares":true,"showImageEffects":true,"showParticleSystems":true,"showVisualEffectGraphs":true,"m_FxEnabled":false},"in2DMode":false,"pivot":{"x":0.4208036959171295,"y":0.25497961044311526,"z":-0.2699090242385864},"rotation":{"x":0.23680339753627778,"y":-0.5420536994934082,"z":0.16252361238002778,"w":0.7897566556930542},"size":0.5092158317565918,"orthographic":false}