{"cameraMode":{"drawMode":0,"name":"Shaded","section":"Shading Mode"},"sceneLighting":false,"audioPlay":false,"sceneViewState":{"m_AlwaysRefresh":false,"showFog":true,"showSkybox":false,"showFlares":true,"showImageEffects":true,"showParticleSystems":true,"showVisualEffectGraphs":true,"m_FxEnabled":false},"in2DMode":false,"pivot":{"x":8.940696716308594e-8,"y":0.7735258340835571,"z":0.11410698294639588},"rotation":{"x":0.16290117800235749,"y":-0.7614650130271912,"z":0.20976221561431886,"w":0.5913268327713013},"size":1.2460352182388306,"orthographic":false}