{"cameraMode":{"drawMode":0,"name":"Shaded","section":"Shading Mode"},"sceneLighting":false,"audioPlay":false,"sceneViewState":{"m_AlwaysRefresh":false,"showFog":true,"showSkybox":false,"showFlares":true,"showImageEffects":true,"showParticleSystems":true,"showVisualEffectGraphs":true,"m_FxEnabled":false},"in2DMode":false,"pivot":{"x":0.8342695236206055,"y":0.7093868255615234,"z":-0.2663939297199249},"rotation":{"x":0.21653546392917634,"y":-0.6253935098648071,"z":0.1864905059337616,"w":0.7261161208152771},"size":0.4072423577308655,"orthographic":false}