{"cameraMode":{"drawMode":0,"name":"Shaded","section":"Shading Mode"},"sceneLighting":false,"audioPlay":false,"sceneViewState":{"m_AlwaysRefresh":false,"showFog":true,"showSkybox":false,"showFlares":true,"showImageEffects":true,"showParticleSystems":true,"showVisualEffectGraphs":true,"m_FxEnabled":false},"in2DMode":false,"pivot":{"x":0.9793221950531006,"y":0.9289530515670776,"z":0.6427850723266602},"rotation":{"x":0.16290117800235749,"y":-0.7614650130271912,"z":0.20976221561431886,"w":0.5913268327713013},"size":0.4632872939109802,"orthographic":false}